{
  "Xl": -100,
  "Yl": -100,
  "phil": -10.0,
  "sl": -1,
  "vl": 0.0,
  "deltal": -0.639635,
  "vsl": -0.1,
  "Xu": 100,
  "Yu": 100,
  "phiu": 10.0,
  "su": 100,
  "vu": 0.5,
  "deltau": 0.639635,
  "vsu": 0.5,
  "dVl": -2.0,
  "dDeltal": -3.14,
  "dVsl": -2.0,
  "dVu": 2.0,
  "dDeltau": 3.14,
  "dVsu": 2.0
}