{
   "X": [
      0,
      1.056913e+00,
      2.066061e+00,
      2.981837e+00,
      3.762854e+00,
      4.373815e+00,
      4.787110e+00,
      4.984060e+00,
      4.955764e+00,
      4.703501e+00,
      4.238672e+00,
      3.582284e+00,
      2.764000e+00,
      1.820803e+00,
      7.953175e-01,
      -2.661109e-01,
      -1.315513e+00,
      -2.305463e+00,
      -3.191221e+00,
      -3.932758e+00,
      -4.496561e+00,
      -4.857149e+00,
      -4.998228e+00,
      -4.913421e+00,
      -4.606560e+00,
      -4.091514e+00,
      -3.391559e+00,
      -2.538329e+00,
      -1.570384e+00,
      -5.314674e-01,
      5.314674e-01,
      1.570384e+00,
      2.538329e+00,
      3.391559e+00,
      4.091514e+00,
      4.606560e+00,
      4.913421e+00,
      4.998228e+00,
      4.857149e+00,
      4.496561e+00,
      3.932758e+00,
      3.191221e+00,
      2.305463e+00,
      1.315513e+00,
      2.661109e-01,
      -7.953175e-01,
      -1.820803e+00,
      -2.764000e+00,
      -3.582284e+00,
      -4.238672e+00,
      -4.703501e+00,
      -4.955764e+00,
      -4.984060e+00,
      -4.787110e+00,
      -4.373815e+00,
      -3.762854e+00,
      -2.981837e+00,
      -2.066061e+00,
      -1.056913e+00,
      -2.449294e-1
   ],
   "Y": [
      0,
      -5.665200e-02,
      -2.259661e-01,
      -5.060239e-01,
      -8.936523e-01,
      -1.384459e+00,
      -1.972884e+00,
      -2.652258e+00,
      -3.414886e+00,
      -4.252126e+00,
      -5.154491e+00,
      -6.111758e+00,
      -7.113081e+00,
      -8.147113e+00,
      -9.202139e+00,
      -1.026621e+01,
      -1.132726e+01,
      -1.237327e+01,
      -1.339239e+01,
      -1.437307e+01,
      -1.530421e+01,
      -1.617525e+01,
      -1.697632e+01,
      -1.769834e+01,
      -1.833314e+01,
      -1.887352e+01,
      -1.931336e+01,
      -1.964768e+01,
      -1.987268e+01,
      -1.998583e+01,
      -1.998583e+01,
      -1.987268e+01,
      -1.964768e+01,
      -1.931336e+01,
      -1.887352e+01,
      -1.833314e+01,
      -1.769834e+01,
      -1.697632e+01,
      -1.617525e+01,
      -1.530421e+01,
      -1.437307e+01,
      -1.339239e+01,
      -1.237327e+01,
      -1.132726e+01,
      -1.026621e+01,
      -9.202139e+00,
      -8.147113e+00,
      -7.113081e+00,
      -6.111758e+00,
      -5.154491e+00,
      -4.252126e+00,
      -3.414886e+00,
      -2.652258e+00,
      -1.972884e+00,
      -1.384459e+00,
      -8.936523e-01,
      -5.060239e-01,
      -2.259661e-01,
      -5.665200e-02,
      0
   ],
   "X_i": [
      0,
      0.050725,
      0.101449,
      0.152174,
      0.202899,
      0.253623,
      0.304348,
      0.355072,
      0.405797,
      0.456522,
      0.507246,
      0.557971,
      0.608696,
      0.65942,
      0.710145,
      0.76087,
      0.811594,
      0.862319,
      0.913043,
      0.963768,
      1.014493,
      1.065217,
      1.115942,
      1.166667,
      1.217391,
      1.268116,
      1.318841,
      1.369565,
      1.42029,
      1.471014,
      1.521739,
      1.572464,
      1.623188,
      1.673913,
      1.724638,
      1.775362,
      1.826087,
      1.876812,
      1.927536,
      1.978261,
      2.028986,
      2.07971,
      2.130435,
      2.181159,
      2.231884,
      2.282609,
      2.333333,
      2.384058,
      2.434783,
      2.485507,
      2.536232,
      2.586957,
      2.637681,
      2.688406,
      2.73913,
      2.789855,
      2.84058,
      2.891304,
      2.942029,
      2.992754,
      3.043478,
      3.094203,
      3.144928,
      3.195652,
      3.246377,
      3.297101,
      3.347826,
      3.398551,
      3.449275,
      3.5,
      3.5,
      3.516026,
      3.532035,
      3.548012,
      3.563939,
      3.5798,
      3.595579,
      3.61126,
      3.626827,
      3.642264,
      3.657554,
      3.672683,
      3.687634,
      3.702392,
      3.716942,
      3.731269,
      3.745359,
      3.759196,
      3.772767,
      3.786058,
      3.799055,
      3.811745,
      3.824114,
      3.83615,
      3.847841,
      3.859175,
      3.870139,
      3.880723,
      3.890916,
      3.900707,
      3.910086,
      3.919044,
      3.927571,
      3.935659,
      3.9433,
      3.950484,
      3.957206,
      3.963458,
      3.969234,
      3.974528,
      3.979334,
      3.983647,
      3.987464,
      3.99078,
      3.993591,
      3.995895,
      3.99769,
      3.998973,
      3.999743,
      4,
      4,
      3.999743,
      3.998973,
      3.99769,
      3.995895,
      3.993591,
      3.99078,
      3.987464,
      3.983647,
      3.979334,
      3.974528,
      3.969234,
      3.963458,
      3.957206,
      3.950484,
      3.9433,
      3.935659,
      3.927571,
      3.919044,
      3.910086,
      3.900707,
      3.890916,
      3.880723,
      3.870139,
      3.859175,
      3.847841,
      3.83615,
      3.824114,
      3.811745,
      3.799055,
      3.786058,
      3.772767,
      3.759196,
      3.745359,
      3.731269,
      3.716942,
      3.702392,
      3.687634,
      3.672683,
      3.657554,
      3.642264,
      3.626827,
      3.61126,
      3.595579,
      3.5798,
      3.563939,
      3.548012,
      3.532035,
      3.516026,
      3.5,
      3.5,
      3.449275,
      3.398551,
      3.347826,
      3.297101,
      3.246377,
      3.195652,
      3.144928,
      3.094203,
      3.043478,
      2.992754,
      2.942029,
      2.891304,
      2.84058,
      2.789855,
      2.73913,
      2.688406,
      2.637681,
      2.586957,
      2.536232,
      2.485507,
      2.434783,
      2.384058,
      2.333333,
      2.282609,
      2.231884,
      2.181159,
      2.130435,
      2.07971,
      2.028986,
      1.978261,
      1.927536,
      1.876812,
      1.826087,
      1.775362,
      1.724638,
      1.673913,
      1.623188,
      1.572464,
      1.521739,
      1.471014,
      1.42029,
      1.369565,
      1.318841,
      1.268116,
      1.217391,
      1.166667,
      1.115942,
      1.065217,
      1.014493,
      0.963768,
      0.913043,
      0.862319,
      0.811594,
      0.76087,
      0.710145,
      0.65942,
      0.608696,
      0.557971,
      0.507246,
      0.456522,
      0.405797,
      0.355072,
      0.304348,
      0.253623,
      0.202899,
      0.152174,
      0.101449,
      0.050725,
      0
   ],